ID,Otsikko,Linkki,Lähde
1,Tietoa erosta,https://apuaeroon.fi/tietoa_erosta/,Apuaeroon
2,Erossa sovittavat asiat,https://apuaeroon.fi/tietoa_erosta/erossa-sovittavat-asiat/,Apuaeroon
3,Apua verkosta,https://apuaeroon.fi/palveluhaku/apua-verkosta/,Apuaeroon
4,Näin selvisin,https://apuaeroon.fi/palveluhaku/nain_selvisin/,Apuaeroon
5,Palvelukuvaukset,https://apuaeroon.fi/palveluhaku/palvelukuvaukset/#1500977564459-5ea08ed2-3f8d,Apuaeroon
6,Oppaat ja materiaali,https://apuaeroon.fi/info/oppaat-ja-materiaali/,Apuaeroon
7,Apua eroon -chat,https://apuaeroon.fi/info/chat/,Apuaeroon
8,Muutto erilleen ja avioero,https://www.kela.fi/kun-elamantilanne-muuttuu_muutto-erilleen-ja-avioero?inheritRedirect=true,Kela
9,Suomalainen eroseminaari,http://suomalaineneroseminaari.fi/,Suomalainen eroseminaari
10,Eroauttaminen,https://ensijaturvakotienliitto.fi/tietoa-liitosta/nain-me-autamme/eroauttaminen/#vertaiskahvila,Ensi- ja turvakotien liitto
11,Erokriisit,http://www.vaestoliitto.fi/parisuhde/tietoa_parisuhteesta/parisuhteen_kriisit/erokriisit/,Väestöliitto
12,Eron omahoito,https://www.mielenterveystalo.fi/aikuiset/itsehoito-ja-oppaat/itsehoito/eron_omahoito/Pages/default.aspx,Mielenterveystalo
13,Eroryhmät,https://www.yvpl.fi/liiton-tukitoiminta/eroryhmat/,Yhden Vanhemman Perheiden Liitto
14,Tukipuhelimet,https://www.yvpl.fi/liiton-tukitoiminta/tukipuhelimet/,Yhden Vanhemman Perheiden Liitto
15,Erosta Elossa – erokeskustelua miehille,https://www.tukinet.net/keskustelu/otsikot.tmpl?grp=276,Tukinet
16,Tulevat liveryhmäajat ja teemat,https://www.tukinet.net/liveryhma/liveryhma_ajat.tmpl,Tukinet